SampleID,tubeID,SubjectID,SampleType,Sample_volume_ul,Sample_weight_mg,HostSpecies,study_day,study_group,current_antibiotics,time_collected,plate,plate_row,plate_column,plate_location_combined,reverse_barcode_plate,reverse_barcode_location,forward_barcode_plate,forward_barcode_location,polymerase,dna_concentration_ng_ul,extraction_notes,reextracted_dna_concentration_ng_ul,final_dna_concentration_ng_ul,library_concentration_ng_ul,remade_library_concentration_ng_ul,final_library_concentration_ng_ul,volume_for_pool,volume_for_epmotion,pooled,flow_cell_id,run_start_date,investigator,DNA_plate_barcode,Lib_plate_barcode
Inoc.0,1,fecal sample,Feces,NA,NA,monkey,0,fecal sample,none,17:00,1,A,01,A01,16Sv1v2_R_gc41_gc136,A01,16Sv1v2_F_plate1,A01,Accuprime,1.44,NA,NA,1.44,28.44,NA,28.44,10.5,10.5,TRUE,000000000-C4P77,20181016,USDA,17220,17221
Day1.AC1.L,2,luminal shime 1,lumenal contents colon,500,NA,monkey,1,ascending colon,none,10:30,1,B,01,B01,16Sv1v2_R_gc41_gc136,B01,16Sv1v2_F_plate1,B01,Accuprime,5.61,NA,NA,5.61,31.98,NA,31.98,9.4,9.4,TRUE,000000000-C4P77,20181016,USDA,17220,17221
Day1.TC1.L,3,luminal shime 1,lumenal contents colon,500,NA,monkey,1,transverse colon,none,10:30,1,C,01,C01,16Sv1v2_R_gc41_gc136,C01,16Sv1v2_F_plate1,C01,Accuprime,6.80,NA,NA,6.80,30.87,NA,30.87,9.7,9.7,TRUE,000000000-C4P77,20181016,USDA,17220,17221
Day1.DC1.L,4,luminal shime 1,lumenal contents colon,500,NA,monkey,1,descending colon,none,10:30,1,D,01,D01,16Sv1v2_R_gc41_gc136,D01,16Sv1v2_F_plate1,D01,Accuprime,8.67,NA,NA,8.67,29.23,NA,29.23,10.3,10.3,TRUE,000000000-C4P77,20181016,USDA,17220,17221
Day1.AC2.L,5,luminal shime 2,lumenal contents colon,500,NA,monkey,1,ascending colon,none,10:30,1,E,01,E01,16Sv1v2_R_gc41_gc136,E01,16Sv1v2_F_plate1,E01,Accuprime,5.21,NA,NA,5.21,31.09,NA,31.09,9.6,9.6,TRUE,000000000-C4P77,20181016,USDA,17220,17221
Day1.TC2.L,6,luminal shime 2,lumenal contents colon,500,NA,monkey,1,transverse colon,none,10:30,1,F,01,F01,16Sv1v2_R_gc41_gc136,F01,16Sv1v2_F_plate1,F01,Accuprime,7.25,NA,NA,7.25,30.13,NA,30.13,10.0,10.0,TRUE,000000000-C4P77,20181016,USDA,17220,17221
Extractblanktip1,NA,NA,Blank tip,NA,NA,NA,NA,NA,NA,NA,1,G,01,G01,16Sv1v2_R_gc41_gc136,G01,16Sv1v2_F_plate1,G01,Accuprime,0.03,NA,NA,0.03,3.66,NA,3.66,82.0,12.2,TRUE,000000000-C4P77,20181016,USDA,17220,17221
Day1.DC2.L,7,luminal shime 2,lumenal contents colon,500,NA,monkey,1,descending colon,none,10:30,1,H,01,H01,16Sv1v2_R_gc41_gc136,H01,16Sv1v2_F_plate1,H01,Accuprime,9.16,NA,NA,9.16,27.41,NA,27.41,10.9,10.9,TRUE,000000000-C4P77,20181016,USDA,17220,17221
Day1.AC3.L,8,luminal shime 3,lumenal contents colon,500,NA,monkey,1,ascending colon,none,10:30,1,A,02,A02,16Sv1v2_R_gc41_gc136,A02,16Sv1v2_F_plate1,A02,Accuprime,8.68,NA,NA,8.68,33.44,NA,33.44,9.0,9.0,TRUE,000000000-C4P77,20181016,USDA,17220,17221
Day1.TC3.L,9,luminal shime 3,lumenal contents colon,500,NA,monkey,1,transverse colon,none,10:30,1,B,02,B02,16Sv1v2_R_gc41_gc136,B02,16Sv1v2_F_plate1,B02,Accuprime,8.09,NA,NA,8.09,30.75,NA,30.75,9.8,9.8,TRUE,000000000-C4P77,20181016,USDA,17220,17221
Day1.DC3.L,10,luminal shime 3,lumenal contents colon,500,NA,monkey,1,descending colon,none,10:30,1,C,02,C02,16Sv1v2_R_gc41_gc136,C02,16Sv1v2_F_plate1,C02,Accuprime,12.70,NA,NA,12.70,30.74,NA,30.74,9.8,9.8,TRUE,000000000-C4P77,20181016,USDA,17220,17221
Day6.AC1.L,11,luminal shime 1,lumenal contents colon,500,NA,monkey,6,ascending colon,none,13:30,1,D,02,D02,16Sv1v2_R_gc41_gc136,D02,16Sv1v2_F_plate1,D02,Accuprime,18.36,NA,NA,18.36,30.17,NA,30.17,9.9,9.9,TRUE,000000000-C4P77,20181016,USDA,17220,17221
Day6.TC1.L,12,luminal shime 1,lumenal contents colon,500,NA,monkey,6,transverse colon,none,13:30,1,E,02,E02,16Sv1v2_R_gc41_gc136,E02,16Sv1v2_F_plate1,E02,Accuprime,14.75,NA,NA,14.75,29.05,NA,29.05,10.3,10.3,TRUE,000000000-C4P77,20181016,USDA,17220,17221
Day6.DC1.L,13,luminal shime 1,lumenal contents colon,500,NA,monkey,6,descending colon,none,13:30,1,F,02,F02,16Sv1v2_R_gc41_gc136,F02,16Sv1v2_F_plate1,F02,Accuprime,24.81,NA,NA,24.81,31.75,NA,31.75,9.4,9.4,TRUE,000000000-C4P77,20181016,USDA,17220,17221
Day6.AC2.L,14,luminal shime 2,lumenal contents colon,500,NA,monkey,6,ascending colon,none,13:30,1,G,02,G02,16Sv1v2_R_gc41_gc136,G02,16Sv1v2_F_plate1,G02,Accuprime,7.53,NA,NA,7.53,24.08,NA,24.08,12.5,12.5,TRUE,000000000-C4P77,20181016,USDA,17220,17221
Day6.TC2.L,15,luminal shime 2,lumenal contents colon,500,NA,monkey,6,transverse colon,none,13:30,1,H,02,H02,16Sv1v2_R_gc41_gc136,H02,16Sv1v2_F_plate1,H02,Accuprime,20.80,NA,NA,20.80,30.85,NA,30.85,9.7,9.7,TRUE,000000000-C4P77,20181016,USDA,17220,17221
Day6.DC2.L,16,luminal shime 2,lumenal contents colon,500,NA,monkey,6,descending colon,none,13:30,1,A,03,A03,16Sv1v2_R_gc41_gc136,A03,16Sv1v2_F_plate1,A03,Accuprime,36.96,NA,NA,36.96,32.51,NA,32.51,9.2,9.2,TRUE,000000000-C4P77,20181016,USDA,17220,17221
Day6.AC3.L,17,luminal shime 3,lumenal contents colon,500,NA,monkey,6,ascending colon,none,13:30,1,B,03,B03,16Sv1v2_R_gc41_gc136,B03,16Sv1v2_F_plate1,B03,Accuprime,24.42,NA,NA,24.42,29.87,NA,29.87,10.0,10.0,TRUE,000000000-C4P77,20181016,USDA,17220,17221
Day6.TC3.L,18,luminal shime 3,lumenal contents colon,500,NA,monkey,6,transverse colon,none,13:30,1,C,03,C03,16Sv1v2_R_gc41_gc136,C03,16Sv1v2_F_plate1,C03,Accuprime,33.28,NA,NA,33.28,31.48,NA,31.48,9.5,9.5,TRUE,000000000-C4P77,20181016,USDA,17220,17221
Day6.DC3.L,19,luminal shime 3,lumenal contents colon,500,NA,monkey,6,descending colon,none,13:30,1,D,03,D03,16Sv1v2_R_gc41_gc136,D03,16Sv1v2_F_plate1,D03,Accuprime,30.42,NA,NA,30.42,31.67,NA,31.67,9.5,9.5,TRUE,000000000-C4P77,20181016,USDA,17220,17221
Day6.AC1.M,20,mucosal shime 1,mucosal contents colon,NA,300,monkey,6,ascending colon,none,13:30,1,E,03,E03,16Sv1v2_R_gc41_gc136,E03,16Sv1v2_F_plate1,E03,Accuprime,2.05,NA,NA,2.05,23.57,NA,23.57,12.7,12.7,TRUE,000000000-C4P77,20181016,USDA,17220,17221
Day6.TC1.M,21,mucosal shime 1,mucosal contents colon,NA,300,monkey,6,transverse colon,none,13:30,1,F,03,F03,16Sv1v2_R_gc41_gc136,F03,16Sv1v2_F_plate1,F03,Accuprime,3.92,NA,NA,3.92,27.83,NA,27.83,10.8,10.8,TRUE,000000000-C4P77,20181016,USDA,17220,17221
geneblock1,NA,NA,Mock DNA,NA,NA,NA,NA,NA,NA,NA,1,G,03,G03,16Sv1v2_R_gc41_gc136,G03,16Sv1v2_F_plate1,G03,Accuprime,0.00,NA,NA,0.00,33.62,NA,33.62,8.9,8.9,TRUE,000000000-C4P77,20181016,USDA,17220,17221
Day6.DC1.M,22,mucosal shime 1,mucosal contents colon,NA,300,monkey,6,descending colon,none,13:30,1,H,03,H03,16Sv1v2_R_gc41_gc136,H03,16Sv1v2_F_plate1,H03,Accuprime,5.18,NA,NA,5.18,28.97,NA,28.97,10.4,10.4,TRUE,000000000-C4P77,20181016,USDA,17220,17221
geneblock2,NA,NA,Mock DNA,NA,NA,NA,NA,NA,NA,NA,1,A,04,A04,16Sv1v2_R_gc41_gc136,A04,16Sv1v2_F_plate1,A04,Accuprime,0.00,NA,NA,0.00,35.32,NA,35.32,8.5,NA,FALSE,000000000-C4P77,20181016,USDA,17220,17221
Day6.AC2.M,23,mucosal shime 2,mucosal contents colon,NA,300,monkey,6,ascending colon,none,13:30,1,B,04,B04,16Sv1v2_R_gc41_gc136,B04,16Sv1v2_F_plate1,B04,Accuprime,3.49,NA,NA,3.49,19.41,NA,19.41,15.5,15.5,TRUE,000000000-C4P77,20181016,USDA,17220,17221
Day6.TC2.M,24,mucosal shime 2,mucosal contents colon,NA,300,monkey,6,transverse colon,none,13:30,1,C,04,C04,16Sv1v2_R_gc41_gc136,C04,16Sv1v2_F_plate1,C04,Accuprime,2.62,NA,NA,2.62,20.81,NA,20.81,14.4,14.4,TRUE,000000000-C4P77,20181016,USDA,17220,17221
Day6.DC2.M,25,mucosal shime 2,mucosal contents colon,NA,300,monkey,6,descending colon,none,13:30,1,D,04,D04,16Sv1v2_R_gc41_gc136,D04,16Sv1v2_F_plate1,D04,Accuprime,4.82,NA,NA,4.82,27.44,NA,27.44,10.9,10.9,TRUE,000000000-C4P77,20181016,USDA,17220,17221
Day6.AC3.M,26,mucosal shime 3,mucosal contents colon,NA,300,monkey,6,ascending colon,none,13:30,1,E,04,E04,16Sv1v2_R_gc41_gc136,E04,16Sv1v2_F_plate1,E04,Accuprime,5.23,NA,NA,5.23,27.19,NA,27.19,11.0,11.0,TRUE,000000000-C4P77,20181016,USDA,17220,17221
Day6.TC3.M,27,mucosal shime 3,mucosal contents colon,NA,300,monkey,6,transverse colon,none,13:30,1,F,04,F04,16Sv1v2_R_gc41_gc136,F04,16Sv1v2_F_plate1,F04,Accuprime,6.17,NA,NA,6.17,27.39,NA,27.39,11.0,11.0,TRUE,000000000-C4P77,20181016,USDA,17220,17221
Day6.DC3.M,28,mucosal shime 3,mucosal contents colon,NA,300,monkey,6,descending colon,none,13:30,1,G,04,G04,16Sv1v2_R_gc41_gc136,G04,16Sv1v2_F_plate1,G04,Accuprime,4.56,NA,NA,4.56,27.53,NA,27.53,10.9,10.9,TRUE,000000000-C4P77,20181016,USDA,17220,17221
Day12.AC1.L,29,luminal shime 1,lumenal contents colon,500,NA,monkey,12,ascending colon,none,13:30,1,H,04,H04,16Sv1v2_R_gc41_gc136,H04,16Sv1v2_F_plate1,H04,Accuprime,28.24,NA,NA,28.24,31.31,NA,31.31,9.6,9.6,TRUE,000000000-C4P77,20181016,USDA,17220,17221
Day12.TC1.L,30,luminal shime 1,lumenal contents colon,500,NA,monkey,12,transverse colon,none,13:30,1,A,05,A05,16Sv1v2_R_gc41_gc136,A05,16Sv1v2_F_plate1,A05,Accuprime,32.44,NA,NA,32.44,32.49,NA,32.49,9.2,9.2,TRUE,000000000-C4P77,20181016,USDA,17220,17221
Day12.DC1.L,31,luminal shime 1,lumenal contents colon,500,NA,monkey,12,descending colon,none,13:30,1,B,05,B05,16Sv1v2_R_gc41_gc136,B05,16Sv1v2_F_plate1,B05,Accuprime,27.84,NA,NA,27.84,31.78,NA,31.78,9.4,9.4,TRUE,000000000-C4P77,20181016,USDA,17220,17221
Day12.AC2.L,32,luminal shime 2,lumenal contents colon,500,NA,monkey,12,ascending colon,none,13:30,1,C,05,C05,16Sv1v2_R_gc41_gc136,C05,16Sv1v2_F_plate1,C05,Accuprime,26.38,NA,NA,26.38,30.58,NA,30.58,9.8,9.8,TRUE,000000000-C4P77,20181016,USDA,17220,17221
Annika1,NA,NA,fruit fly,NA,NA,NA,NA,NA,NA,NA,1,D,05,D05,16Sv1v2_R_gc41_gc136,D05,16Sv1v2_F_plate1,D05,Accuprime,0.01,NA,NA,0.01,2.29,NA,2.29,131.0,95.0,TRUE,000000000-C4P77,20181016,USDA,17220,17221
Day12.TC2.L,33,luminal shime 2,lumenal contents colon,500,NA,monkey,12,transverse colon,none,13:30,1,E,05,E05,16Sv1v2_R_gc41_gc136,E05,16Sv1v2_F_plate1,E05,Accuprime,28.70,NA,NA,28.70,30.43,NA,30.43,9.9,9.9,TRUE,000000000-C4P77,20181016,USDA,17220,17221
Day12.DC2.L,34,luminal shime 2,lumenal contents colon,500,NA,monkey,12,descending colon,none,13:30,1,F,05,F05,16Sv1v2_R_gc41_gc136,F05,16Sv1v2_F_plate1,F05,Accuprime,28.05,NA,NA,28.05,30.66,NA,30.66,9.8,9.8,TRUE,000000000-C4P77,20181016,USDA,17220,17221
Day12.AC3.L,35,luminal shime 3,lumenal contents colon,500,NA,monkey,12,ascending colon,none,13:30,1,G,05,G05,16Sv1v2_R_gc41_gc136,G05,16Sv1v2_F_plate1,G05,Accuprime,15.18,NA,NA,15.18,30.09,NA,30.09,10.0,10.0,TRUE,000000000-C4P77,20181016,USDA,17220,17221
Day12.TC3.L,36,luminal shime 3,lumenal contents colon,500,NA,monkey,12,transverse colon,none,13:30,1,H,05,H05,16Sv1v2_R_gc41_gc136,H05,16Sv1v2_F_plate1,H05,Accuprime,33.97,NA,NA,33.97,31.91,NA,31.91,9.4,9.4,TRUE,000000000-C4P77,20181016,USDA,17220,17221
Day12.DC3.L,37,luminal shime 3,lumenal contents colon,500,NA,monkey,12,descending colon,none,13:30,1,A,06,A06,16Sv1v2_R_gc41_gc136,A06,16Sv1v2_F_plate1,A06,Accuprime,30.89,NA,NA,30.89,31.43,NA,31.43,9.5,9.5,TRUE,000000000-C4P77,20181016,USDA,17220,17221
Day12.AC1.M,38,mucosal shime 1,mucosal contents colon,NA,300,monkey,12,ascending colon,none,13:30,1,B,06,B06,16Sv1v2_R_gc41_gc136,B06,16Sv1v2_F_plate1,B06,Accuprime,6.53,NA,NA,6.53,25.36,NA,25.36,11.8,11.8,TRUE,000000000-C4P77,20181016,USDA,17220,17221
Day12.TC1.M,39,mucosal shime 1,mucosal contents colon,NA,300,monkey,12,transverse colon,none,13:30,1,C,06,C06,16Sv1v2_R_gc41_gc136,C06,16Sv1v2_F_plate1,C06,Accuprime,0.93,NA,NA,0.93,10.78,NA,10.78,27.8,27.8,TRUE,000000000-C4P77,20181016,USDA,17220,17221
Day12.DC1.M,40,mucosal shime 1,mucosal contents colon,NA,300,monkey,12,descending colon,none,13:30,1,D,06,D06,16Sv1v2_R_gc41_gc136,D06,16Sv1v2_F_plate1,D06,Accuprime,2.71,NA,NA,2.71,24.44,NA,24.44,12.3,12.3,TRUE,000000000-C4P77,20181016,USDA,17220,17221
Day12.AC2.M,41,mucosal shime 2,mucosal contents colon,NA,300,monkey,12,ascending colon,none,13:30,1,E,06,E06,16Sv1v2_R_gc41_gc136,E06,16Sv1v2_F_plate1,E06,Accuprime,2.25,NA,NA,2.25,9.88,NA,9.88,30.4,30.4,TRUE,000000000-C4P77,20181016,USDA,17220,17221
Day12.TC2.M,42,mucosal shime 2,mucosal contents colon,NA,300,monkey,12,transverse colon,none,13:30,1,F,06,F06,16Sv1v2_R_gc41_gc136,F06,16Sv1v2_F_plate1,F06,Accuprime,5.81,NA,NA,5.81,22.43,NA,22.43,13.4,13.4,TRUE,000000000-C4P77,20181016,USDA,17220,17221
Day12.DC2.M,43,mucosal shime 2,mucosal contents colon,NA,300,monkey,12,descending colon,none,13:30,1,G,06,G06,16Sv1v2_R_gc41_gc136,G06,16Sv1v2_F_plate1,G06,Accuprime,2.69,NA,NA,2.69,17.52,NA,17.52,17.1,17.1,TRUE,000000000-C4P77,20181016,USDA,17220,17221
Day12.AC3.M,44,mucosal shime 3,mucosal contents colon,NA,300,monkey,12,ascending colon,none,13:30,1,H,06,H06,16Sv1v2_R_gc41_gc136,H06,16Sv1v2_F_plate1,H06,Accuprime,3.82,NA,NA,3.82,24.63,NA,24.63,12.2,12.2,TRUE,000000000-C4P77,20181016,USDA,17220,17221
Day12.TC3.M,45,mucosal shime 3,mucosal contents colon,NA,300,monkey,12,transverse colon,none,13:30,1,A,07,A07,16Sv1v2_R_gc41_gc136,A07,16Sv1v2_F_plate1,A07,Accuprime,6.07,NA,NA,6.07,24.86,NA,24.86,12.1,12.1,TRUE,000000000-C4P77,20181016,USDA,17220,17221
Day12.DC3.M,46,mucosal shime 3,mucosal contents colon,NA,300,monkey,12,descending colon,none,13:30,1,B,07,B07,16Sv1v2_R_gc41_gc136,B07,16Sv1v2_F_plate1,B07,Accuprime,0.67,NA,NA,0.67,8.13,NA,8.13,36.9,36.9,TRUE,000000000-C4P77,20181016,USDA,17220,17221
Day14.AC1.L,47,luminal shime 1,lumenal contents colon,500,NA,monkey,14,ascending colon,none,13:30,1,C,07,C07,16Sv1v2_R_gc41_gc136,C07,16Sv1v2_F_plate1,C07,Accuprime,21.70,NA,NA,21.70,29.11,NA,29.11,10.3,10.3,TRUE,000000000-C4P77,20181016,USDA,17220,17221
Day14.TC1.L,48,luminal shime 1,lumenal contents colon,500,NA,monkey,14,transverse colon,none,13:30,1,D,07,D07,16Sv1v2_R_gc41_gc136,D07,16Sv1v2_F_plate1,D07,Accuprime,29.37,NA,NA,29.37,31.04,NA,31.04,9.7,9.7,TRUE,000000000-C4P77,20181016,USDA,17220,17221
Annika2,NA,NA,Fruit fly,NA,NA,NA,NA,NA,NA,NA,1,E,07,E07,16Sv1v2_R_gc41_gc136,E07,16Sv1v2_F_plate1,E07,Accuprime,0.00,NA,NA,0.00,3.52,NA,3.52,85.2,95.0,TRUE,000000000-C4P77,20181016,USDA,17220,17221
Day14.DC1.L,49,luminal shime 1,lumenal contents colon,500,NA,monkey,14,descending colon,none,13:30,1,F,07,F07,16Sv1v2_R_gc41_gc136,F07,16Sv1v2_F_plate1,F07,Accuprime,25.93,NA,NA,25.93,30.44,NA,30.44,9.9,9.9,TRUE,000000000-C4P77,20181016,USDA,17220,17221
Day14.AC2.L,50,luminal shime 2,lumenal contents colon,500,NA,monkey,14,ascending colon,none,13:30,1,G,07,G07,16Sv1v2_R_gc41_gc136,G07,16Sv1v2_F_plate1,G07,Accuprime,23.69,NA,NA,23.69,28.7,NA,28.7,10.5,10.5,TRUE,000000000-C4P77,20181016,USDA,17220,17221
Day14.TC2.L,51,luminal shime 2,lumenal contents colon,500,NA,monkey,14,transverse colon,none,13:30,1,H,07,H07,16Sv1v2_R_gc41_gc136,H07,16Sv1v2_F_plate1,H07,Accuprime,33.06,NA,NA,33.06,31.34,NA,31.34,9.6,9.6,TRUE,000000000-C4P77,20181016,USDA,17220,17221
Day14.DC2.L,52,luminal shime 2,lumenal contents colon,500,NA,monkey,14,descending colon,none,13:30,1,A,08,A08,16Sv1v2_R_gc41_gc136,A08,16Sv1v2_F_plate1,A08,Accuprime,32.04,NA,NA,32.04,32.02,NA,32.02,9.4,9.4,TRUE,000000000-C4P77,20181016,USDA,17220,17221
Day14.AC3.L,53,luminal shime 3,lumenal contents colon,500,NA,monkey,14,ascending colon,none,13:30,1,B,08,B08,16Sv1v2_R_gc41_gc136,B08,16Sv1v2_F_plate1,B08,Accuprime,24.26,NA,NA,24.26,31.86,NA,31.86,9.4,9.4,TRUE,000000000-C4P77,20181016,USDA,17220,17221
Day14.TC3.L,54,luminal shime 3,lumenal contents colon,500,NA,monkey,14,transverse colon,none,13:30,1,C,08,C08,16Sv1v2_R_gc41_gc136,C08,16Sv1v2_F_plate1,C08,Accuprime,34.42,NA,NA,34.42,31.72,NA,31.72,9.5,9.5,TRUE,000000000-C4P77,20181016,USDA,17220,17221
Day14.DC3.L,55,luminal shime 3,lumenal contents colon,500,NA,monkey,14,descending colon,none,13:30,1,D,08,D08,16Sv1v2_R_gc41_gc136,D08,16Sv1v2_F_plate1,D08,Accuprime,27.44,NA,NA,27.44,30.68,NA,30.68,9.8,9.8,TRUE,000000000-C4P77,20181016,USDA,17220,17221
Day14.AC1.M,56,mucosal shime 1,mucosal contents colon,NA,300,monkey,14,ascending colon,none,13:30,1,E,08,E08,16Sv1v2_R_gc41_gc136,E08,16Sv1v2_F_plate1,E08,Accuprime,3.06,NA,NA,3.06,24.91,NA,24.91,12.0,12.0,TRUE,000000000-C4P77,20181016,USDA,17220,17221
Day14.TC1.M,57,mucosal shime 1,mucosal contents colon,NA,300,monkey,14,transverse colon,none,13:30,1,F,08,F08,16Sv1v2_R_gc41_gc136,F08,16Sv1v2_F_plate1,F08,Accuprime,4.93,NA,NA,4.93,25.12,NA,25.12,11.9,11.9,TRUE,000000000-C4P77,20181016,USDA,17220,17221
Day14.DC1.M,58,mucosal shime 1,mucosal contents colon,NA,300,monkey,14,descending colon,none,13:30,1,G,08,G08,16Sv1v2_R_gc41_gc136,G08,16Sv1v2_F_plate1,G08,Accuprime,3.89,NA,NA,3.89,28.34,NA,28.34,10.6,10.6,TRUE,000000000-C4P77,20181016,USDA,17220,17221
Day14.AC2.M,59,mucosal shime 2,mucosal contents colon,NA,300,monkey,14,ascending colon,none,13:30,1,H,08,H08,16Sv1v2_R_gc41_gc136,H08,16Sv1v2_F_plate1,H08,Accuprime,2.47,NA,NA,2.47,17.94,NA,17.94,16.7,16.7,TRUE,000000000-C4P77,20181016,USDA,17220,17221
Day14.TC2.M,60,mucosal shime 2,mucosal contents colon,NA,300,monkey,14,transverse colon,none,13:30,1,A,09,A09,16Sv1v2_R_gc41_gc136,A09,16Sv1v2_F_plate1,A09,Accuprime,3.00,NA,NA,3.00,26.37,NA,26.37,11.4,11.4,TRUE,000000000-C4P77,20181016,USDA,17220,17221
Day14.DC2.M,61,mucosal shime 2,mucosal contents colon,NA,300,monkey,14,descending colon,none,13:30,1,B,09,B09,16Sv1v2_R_gc41_gc136,B09,16Sv1v2_F_plate1,B09,Accuprime,3.05,NA,NA,3.05,18.98,NA,18.98,15.8,15.8,TRUE,000000000-C4P77,20181016,USDA,17220,17221
DNAfreewater1,NA,NA,DNA-free water,NA,NA,NA,NA,NA,NA,NA,1,C,09,C09,16Sv1v2_R_gc41_gc136,C09,16Sv1v2_F_plate1,C09,Accuprime,0.00,NA,NA,0.00,2.72,NA,2.72,110.3,12.2,TRUE,000000000-C4P77,20181016,USDA,17220,17221
Day14.AC3.M,62,mucosal shime 3,mucosal contents colon,NA,300,monkey,14,ascending colon,none,13:30,1,D,09,D09,16Sv1v2_R_gc41_gc136,D09,16Sv1v2_F_plate1,D09,Accuprime,3.82,NA,NA,3.82,27.34,NA,27.34,11.0,11.0,TRUE,000000000-C4P77,20181016,USDA,17220,17221
Day14.TC3.M,63,mucosal shime 3,mucosal contents colon,NA,300,monkey,14,transverse colon,none,13:30,1,E,09,E09,16Sv1v2_R_gc41_gc136,E09,16Sv1v2_F_plate1,E09,Accuprime,7.16,NA,NA,7.16,27.28,NA,27.28,11.0,11.0,TRUE,000000000-C4P77,20181016,USDA,17220,17221
Day14.DC3.M,64,mucosal shime 3,mucosal contents colon,NA,300,monkey,14,descending colon,none,13:30,1,F,09,F09,16Sv1v2_R_gc41_gc136,F09,16Sv1v2_F_plate1,F09,Accuprime,3.73,NA,NA,3.73,26.24,NA,26.24,11.4,11.4,TRUE,000000000-C4P77,20181016,USDA,17220,17221
Day17.AC1.L,65,luminal shime 1,lumenal contents colon,500,NA,monkey,17,ascending colon,none,13:30,1,G,09,G09,16Sv1v2_R_gc41_gc136,G09,16Sv1v2_F_plate1,G09,Accuprime,23.80,NA,NA,23.80,29.63,NA,29.63,10.1,10.1,TRUE,000000000-C4P77,20181016,USDA,17220,17221
Day17.TC1.L,66,luminal shime 1,lumenal contents colon,500,NA,monkey,17,transverse colon,none,13:30,1,H,09,H09,16Sv1v2_R_gc41_gc136,H09,16Sv1v2_F_plate1,H09,Accuprime,32.65,NA,NA,32.65,30.49,NA,30.49,9.8,9.8,TRUE,000000000-C4P77,20181016,USDA,17220,17221
Day17.DC1.L,67,luminal shime 1,lumenal contents colon,500,NA,monkey,17,descending colon,none,13:30,1,A,10,A10,16Sv1v2_R_gc41_gc136,A10,16Sv1v2_F_plate1,A10,Accuprime,32.36,NA,NA,32.36,32.27,NA,32.27,9.3,9.3,TRUE,000000000-C4P77,20181016,USDA,17220,17221
Day17.AC2.L,68,luminal shime 2,lumenal contents colon,500,NA,monkey,17,ascending colon,none,13:30,1,B,10,B10,16Sv1v2_R_gc41_gc136,B10,16Sv1v2_F_plate1,B10,Accuprime,30.15,NA,NA,30.15,31.78,NA,31.78,9.4,9.4,TRUE,000000000-C4P77,20181016,USDA,17220,17221
Day17.TC2.L,69,luminal shime 2,lumenal contents colon,500,NA,monkey,17,transverse colon,none,13:30,1,C,10,C10,16Sv1v2_R_gc41_gc136,C10,16Sv1v2_F_plate1,C10,Accuprime,35.84,NA,NA,35.84,31.05,NA,31.05,9.7,9.7,TRUE,000000000-C4P77,20181016,USDA,17220,17221
Day17.DC2.L,70,luminal shime 2,lumenal contents colon,500,NA,monkey,17,descending colon,none,13:30,1,D,10,D10,16Sv1v2_R_gc41_gc136,D10,16Sv1v2_F_plate1,D10,Accuprime,33.66,NA,NA,33.66,30.27,NA,30.27,9.9,9.9,TRUE,000000000-C4P77,20181016,USDA,17220,17221
Day17.AC3.L,71,luminal shime 3,lumenal contents colon,500,NA,monkey,17,ascending colon,none,13:30,1,E,10,E10,16Sv1v2_R_gc41_gc136,E10,16Sv1v2_F_plate1,E10,Accuprime,20.30,NA,NA,20.30,29.66,NA,29.66,10.1,10.1,TRUE,000000000-C4P77,20181016,USDA,17220,17221
Day17.TC3.L,72,luminal shime 3,lumenal contents colon,500,NA,monkey,17,transverse colon,none,13:30,1,F,10,F10,16Sv1v2_R_gc41_gc136,F10,16Sv1v2_F_plate1,F10,Accuprime,37.05,NA,NA,37.05,30.13,NA,30.13,10.0,10.0,TRUE,000000000-C4P77,20181016,USDA,17220,17221
Day17.DC3.L,73,luminal shime 3,lumenal contents colon,500,NA,monkey,17,descending colon,none,13:30,1,G,10,G10,16Sv1v2_R_gc41_gc136,G10,16Sv1v2_F_plate1,G10,Accuprime,20.31,NA,NA,20.31,30.34,NA,30.34,9.9,9.9,TRUE,000000000-C4P77,20181016,USDA,17220,17221
Extractemptywell2,NA,NA,Empty well,NA,NA,NA,NA,NA,NA,NA,1,H,10,H10,16Sv1v2_R_gc41_gc136,H10,16Sv1v2_F_plate1,H10,Accuprime,0.00,NA,NA,0.00,2.67,NA,2.67,112.4,12.2,TRUE,000000000-C4P77,20181016,USDA,17220,17221
Day17.AC1.M,74,mucosal shime 1,mucosal contents colon,NA,300,monkey,17,ascending colon,none,13:30,1,A,11,A11,16Sv1v2_R_gc41_gc136,A11,16Sv1v2_F_plate1,A11,Accuprime,2.56,NA,NA,2.56,24.04,NA,24.04,12.5,12.5,TRUE,000000000-C4P77,20181016,USDA,17220,17221
Day17.TC1.M,75,mucosal shime 1,mucosal contents colon,NA,300,monkey,17,transverse colon,none,13:30,1,B,11,B11,16Sv1v2_R_gc41_gc136,B11,16Sv1v2_F_plate1,B11,Accuprime,7.57,NA,NA,7.57,28.43,NA,28.43,10.6,10.6,TRUE,000000000-C4P77,20181016,USDA,17220,17221
Day17.DC1.M,76,mucosal shime 1,mucosal contents colon,NA,300,monkey,17,descending colon,none,13:30,1,C,11,C11,16Sv1v2_R_gc41_gc136,C11,16Sv1v2_F_plate1,C11,Accuprime,2.89,NA,NA,2.89,25.3,NA,25.3,11.9,11.9,TRUE,000000000-C4P77,20181016,USDA,17220,17221
Day17.AC2.M,77,mucosal shime 2,mucosal contents colon,NA,300,monkey,17,ascending colon,none,13:30,1,D,11,D11,16Sv1v2_R_gc41_gc136,D11,16Sv1v2_F_plate1,D11,Accuprime,1.05,NA,NA,1.05,14,NA,14,21.4,21.4,TRUE,000000000-C4P77,20181016,USDA,17220,17221
Day17.TC2.M,78,mucosal shime 2,mucosal contents colon,NA,300,monkey,17,transverse colon,none,13:30,1,E,11,E11,16Sv1v2_R_gc41_gc136,E11,16Sv1v2_F_plate1,E11,Accuprime,3.99,NA,NA,3.99,26.1,NA,26.1,11.5,11.5,TRUE,000000000-C4P77,20181016,USDA,17220,17221
Day17.DC2.M,79,mucosal shime 2,mucosal contents colon,NA,300,monkey,17,descending colon,none,13:30,1,F,11,F11,16Sv1v2_R_gc41_gc136,F11,16Sv1v2_F_plate1,F11,Accuprime,1.75,NA,NA,1.75,18.85,NA,18.85,15.9,15.9,TRUE,000000000-C4P77,20181016,USDA,17220,17221
Day17.AC3.M,80,mucosal shime 3,mucosal contents colon,NA,300,monkey,17,ascending colon,none,13:30,1,G,11,G11,16Sv1v2_R_gc41_gc136,G11,16Sv1v2_F_plate1,G11,Accuprime,2.38,NA,NA,2.38,23.63,NA,23.63,12.7,12.7,TRUE,000000000-C4P77,20181016,USDA,17220,17221
Day17.TC3.M,81,mucosal shime 3,mucosal contents colon,NA,300,monkey,17,transverse colon,none,13:30,1,H,11,H11,16Sv1v2_R_gc41_gc136,H11,16Sv1v2_F_plate1,H11,Accuprime,1.79,NA,NA,1.79,19.35,NA,19.35,15.5,15.5,TRUE,000000000-C4P77,20181016,USDA,17220,17221
Day17.DC3.M,82,mucosal shime 3,mucosal contents colon,NA,300,monkey,17,descending colon,none,13:30,1,A,12,A12,16Sv1v2_R_gc41_gc136,A12,16Sv1v2_F_plate1,A12,Accuprime,1.86,NA,NA,1.86,21.93,NA,21.93,13.7,13.7,TRUE,000000000-C4P77,20181016,USDA,17220,17221
Day21.AC1.L,83,luminal shime 1,lumenal contents colon,500,NA,monkey,21,ascending colon,none,13:30,1,B,12,B12,16Sv1v2_R_gc41_gc136,B12,16Sv1v2_F_plate1,B12,Accuprime,18.97,NA,NA,18.97,30.93,NA,30.93,9.7,9.7,TRUE,000000000-C4P77,20181016,USDA,17220,17221
Day21.TC1.L,84,luminal shime 1,lumenal contents colon,500,NA,monkey,21,transverse colon,none,13:30,1,C,12,C12,16Sv1v2_R_gc41_gc136,C12,16Sv1v2_F_plate1,C12,Accuprime,24.23,NA,NA,24.23,30.5,NA,30.5,9.8,9.8,TRUE,000000000-C4P77,20181016,USDA,17220,17221
Day21.DC1.L,85,luminal shime 1,lumenal contents colon,500,NA,monkey,21,descending colon,none,13:30,1,D,12,D12,16Sv1v2_R_gc41_gc136,D12,16Sv1v2_F_plate1,D12,Accuprime,23.06,NA,NA,23.06,29.64,NA,29.64,10.1,10.1,TRUE,000000000-C4P77,20181016,USDA,17220,17221
DNAfreewater2,NA,NA,DNA-free water,NA,NA,NA,NA,NA,NA,NA,1,E,12,E12,16Sv1v2_R_gc41_gc136,E12,16Sv1v2_F_plate1,E12,Accuprime,0.00,NA,NA,0.00,0.83,NA,0.83,361.4,12.2,TRUE,000000000-C4P77,20181016,USDA,17220,17221
Day21.AC2.L,86,luminal shime 2,lumenal contents colon,500,NA,monkey,21,ascending colon,none,13:30,1,F,12,F12,16Sv1v2_R_gc41_gc136,F12,16Sv1v2_F_plate1,F12,Accuprime,19.32,NA,NA,19.32,28.85,NA,28.85,10.4,10.4,TRUE,000000000-C4P77,20181016,USDA,17220,17221
Day21.TC2.L,87,luminal shime 2,lumenal contents colon,500,NA,monkey,21,transverse colon,none,13:30,1,G,12,G12,16Sv1v2_R_gc41_gc136,G12,16Sv1v2_F_plate1,G12,Accuprime,21.32,NA,NA,21.32,31.02,NA,31.02,9.7,9.7,TRUE,000000000-C4P77,20181016,USDA,17220,17221
Day21.DC2.L,88,luminal shime 2,lumenal contents colon,500,NA,monkey,21,descending colon,none,13:30,1,H,12,H12,16Sv1v2_R_gc41_gc136,H12,16Sv1v2_F_plate1,H12,Accuprime,24.61,NA,NA,24.61,30.07,NA,30.07,10.0,10.0,TRUE,000000000-C4P77,20181016,USDA,17220,17221
Day21.AC3.L,89,luminal shime 3,lumenal contents colon,500,NA,monkey,21,ascending colon,none,13:30,2,A,01,A01,16Sv1v2_R_gc137_gc232,A01,16Sv1v2_F_plate1,A01,Accuprime,30.15,NA,NA,30.15,29.74,NA,29.74,10.1,10.1,TRUE,000000000-C4P77,20181016,USDA,17222,17223
Day21.TC3.L,90,luminal shime 3,lumenal contents colon,500,NA,monkey,21,transverse colon,none,13:30,2,B,01,B01,16Sv1v2_R_gc137_gc232,B01,16Sv1v2_F_plate1,B01,Accuprime,37.87,NA,NA,37.87,29.95,NA,29.95,10.0,10.0,TRUE,000000000-C4P77,20181016,USDA,17222,17223
Day21.DC3.L,91,luminal shime 3,lumenal contents colon,500,NA,monkey,21,descending colon,none,13:30,2,C,01,C01,16Sv1v2_R_gc137_gc232,C01,16Sv1v2_F_plate1,C01,Accuprime,27.58,NA,NA,27.58,28.84,NA,28.84,10.4,10.4,TRUE,000000000-C4P77,20181016,USDA,17222,17223
Day21.AC1.M,92,mucosal shime 1,mucosal contents colon,NA,300,monkey,21,ascending colon,none,13:30,2,D,01,D01,16Sv1v2_R_gc137_gc232,D01,16Sv1v2_F_plate1,D01,Accuprime,3.27,NA,NA,3.27,23.5,NA,23.5,12.8,12.8,TRUE,000000000-C4P77,20181016,USDA,17222,17223
Day21.TC1.M,93,mucosal shime 1,mucosal contents colon,NA,300,monkey,21,transverse colon,none,13:30,2,E,01,E01,16Sv1v2_R_gc137_gc232,E01,16Sv1v2_F_plate1,E01,Accuprime,6.35,NA,NA,6.35,25.13,NA,25.13,11.9,11.9,TRUE,000000000-C4P77,20181016,USDA,17222,17223
Day21.DC1.M,94,mucosal shime 1,mucosal contents colon,NA,300,monkey,21,descending colon,none,13:30,2,F,01,F01,16Sv1v2_R_gc137_gc232,F01,16Sv1v2_F_plate1,F01,Accuprime,4.42,NA,NA,4.42,24.99,NA,24.99,12.0,12.0,TRUE,000000000-C4P77,20181016,USDA,17222,17223
Extractblanktip3,NA,NA,Blank tip,NA,NA,NA,NA,NA,NA,NA,2,G,01,G01,16Sv1v2_R_gc137_gc232,G01,16Sv1v2_F_plate1,G01,Accuprime,0.00,NA,NA,0.00,3.02,NA,3.02,99.3,12.2,TRUE,000000000-C4P77,20181016,USDA,17222,17223
Day21.AC2.M,95,mucosal shime 2,mucosal contents colon,NA,300,monkey,21,ascending colon,none,13:30,2,H,01,H01,16Sv1v2_R_gc137_gc232,H01,16Sv1v2_F_plate1,H01,Accuprime,7.09,NA,NA,7.09,25.29,NA,25.29,11.9,11.9,TRUE,000000000-C4P77,20181016,USDA,17222,17223
Day21.TC2.M,96,mucosal shime 2,mucosal contents colon,NA,300,monkey,21,transverse colon,none,13:30,2,A,02,A02,16Sv1v2_R_gc137_gc232,A02,16Sv1v2_F_plate1,A02,Accuprime,4.40,NA,NA,4.40,24.88,NA,24.88,12.1,12.1,TRUE,000000000-C4P77,20181016,USDA,17222,17223
Day21.DC2.M,97,mucosal shime 2,mucosal contents colon,NA,300,monkey,21,descending colon,none,13:30,2,B,02,B02,16Sv1v2_R_gc137_gc232,B02,16Sv1v2_F_plate1,B02,Accuprime,7.62,NA,NA,7.62,27.13,NA,27.13,11.1,11.1,TRUE,000000000-C4P77,20181016,USDA,17222,17223
Day21.AC3.M,98,mucosal shime 3,mucosal contents colon,NA,300,monkey,21,ascending colon,none,13:30,2,C,02,C02,16Sv1v2_R_gc137_gc232,C02,16Sv1v2_F_plate1,C02,Accuprime,4.77,NA,NA,4.77,27.07,NA,27.07,11.1,11.1,TRUE,000000000-C4P77,20181016,USDA,17222,17223
Day21.TC3.M,99,mucosal shime 3,mucosal contents colon,NA,300,monkey,21,transverse colon,none,13:30,2,D,02,D02,16Sv1v2_R_gc137_gc232,D02,16Sv1v2_F_plate1,D02,Accuprime,3.98,NA,NA,3.98,25.29,NA,25.29,11.9,11.9,TRUE,000000000-C4P77,20181016,USDA,17222,17223
Day21.DC3.M,100,mucosal shime 3,mucosal contents colon,NA,300,monkey,21,descending colon,none,13:30,2,E,02,E02,16Sv1v2_R_gc137_gc232,E02,16Sv1v2_F_plate1,E02,Accuprime,6.17,NA,NA,6.17,24.64,NA,24.64,12.2,12.2,TRUE,000000000-C4P77,20181016,USDA,17222,17223
Day24.AC1.L,101,luminal shime 1,lumenal contents colon,500,NA,monkey,24,ascending colon,none,13:30,2,F,02,F02,16Sv1v2_R_gc137_gc232,F02,16Sv1v2_F_plate1,F02,Accuprime,10.00,NA,NA,10.00,27.61,NA,27.61,10.9,10.9,TRUE,000000000-C4P77,20181016,USDA,17222,17223
Day24.TC1.L,102,luminal shime 1,lumenal contents colon,500,NA,monkey,24,transverse colon,none,13:30,2,G,02,G02,16Sv1v2_R_gc137_gc232,G02,16Sv1v2_F_plate1,G02,Accuprime,16.82,NA,NA,16.82,28.91,NA,28.91,10.4,10.4,TRUE,000000000-C4P77,20181016,USDA,17222,17223
Day24.DC1.L,103,luminal shime 1,lumenal contents colon,500,NA,monkey,24,descending colon,none,13:30,2,H,02,H02,16Sv1v2_R_gc137_gc232,H02,16Sv1v2_F_plate1,H02,Accuprime,13.92,NA,NA,13.92,29.13,NA,29.13,10.3,10.3,TRUE,000000000-C4P77,20181016,USDA,17222,17223
Day24.AC2.L,104,luminal shime 2,lumenal contents colon,500,NA,monkey,24,ascending colon,none,13:30,2,A,03,A03,16Sv1v2_R_gc137_gc232,A03,16Sv1v2_F_plate1,A03,Accuprime,28.82,NA,NA,28.82,31.46,NA,31.46,9.5,9.5,TRUE,000000000-C4P77,20181016,USDA,17222,17223
Day24.TC2.L,105,luminal shime 2,lumenal contents colon,500,NA,monkey,24,transverse colon,none,13:30,2,B,03,B03,16Sv1v2_R_gc137_gc232,B03,16Sv1v2_F_plate1,B03,Accuprime,37.45,NA,NA,37.45,30.01,NA,30.01,10.0,10.0,TRUE,000000000-C4P77,20181016,USDA,17222,17223
Day24.DC2.L,106,luminal shime 2,lumenal contents colon,500,NA,monkey,24,descending colon,none,13:30,2,C,03,C03,16Sv1v2_R_gc137_gc232,C03,16Sv1v2_F_plate1,C03,Accuprime,35.58,NA,NA,35.58,29.75,NA,29.75,10.1,10.1,TRUE,000000000-C4P77,20181016,USDA,17222,17223
Day24.AC3.L,107,luminal shime 3,lumenal contents colon,500,NA,monkey,24,ascending colon,none,13:30,2,D,03,D03,16Sv1v2_R_gc137_gc232,D03,16Sv1v2_F_plate1,D03,Accuprime,23.49,NA,NA,23.49,29.43,NA,29.43,10.2,10.2,TRUE,000000000-C4P77,20181016,USDA,17222,17223
Day24.TC3.L,108,luminal shime 3,lumenal contents colon,500,NA,monkey,24,transverse colon,none,13:30,2,E,03,E03,16Sv1v2_R_gc137_gc232,E03,16Sv1v2_F_plate1,E03,Accuprime,34.98,NA,NA,34.98,29.48,NA,29.48,10.2,10.2,TRUE,000000000-C4P77,20181016,USDA,17222,17223
Day24.DC3.L,109,luminal shime 3,lumenal contents colon,500,NA,monkey,24,descending colon,none,13:30,2,F,03,F03,16Sv1v2_R_gc137_gc232,F03,16Sv1v2_F_plate1,F03,Accuprime,34.35,NA,NA,34.35,29.76,NA,29.76,10.1,10.1,TRUE,000000000-C4P77,20181016,USDA,17222,17223
geneblock3,NA,NA,Mock DNA,NA,NA,NA,NA,NA,NA,NA,2,G,03,G03,16Sv1v2_R_gc137_gc232,G03,16Sv1v2_F_plate1,G03,Accuprime,0.00,NA,NA,0.00,35.3,NA,35.3,8.5,8.5,TRUE,000000000-C4P77,20181016,USDA,17222,17223
Day24.AC1.M,110,mucosal shime 1,mucosal contents colon,NA,300,monkey,24,ascending colon,none,13:30,2,H,03,H03,16Sv1v2_R_gc137_gc232,H03,16Sv1v2_F_plate1,H03,Accuprime,2.94,NA,NA,2.94,18.68,NA,18.68,16.1,16.1,TRUE,000000000-C4P77,20181016,USDA,17222,17223
geneblock4,NA,NA,Mock DNA,NA,NA,NA,NA,NA,NA,NA,2,A,04,A04,16Sv1v2_R_gc137_gc232,A04,16Sv1v2_F_plate1,A04,Accuprime,0.00,NA,NA,0.00,36.65,NA,36.65,8.2,NA,FALSE,000000000-C4P77,20181016,USDA,17222,17223
Day24.TC1.M,111,mucosal shime 1,mucosal contents colon,NA,300,monkey,24,transverse colon,none,13:30,2,B,04,B04,16Sv1v2_R_gc137_gc232,B04,16Sv1v2_F_plate1,B04,Accuprime,1.72,NA,NA,1.72,18.06,NA,18.06,16.6,16.6,TRUE,000000000-C4P77,20181016,USDA,17222,17223
Day24.DC1.M,112,mucosal shime 1,mucosal contents colon,NA,300,monkey,24,descending colon,none,13:30,2,C,04,C04,16Sv1v2_R_gc137_gc232,C04,16Sv1v2_F_plate1,C04,Accuprime,5.05,NA,NA,5.05,26.44,NA,26.44,11.3,11.3,TRUE,000000000-C4P77,20181016,USDA,17222,17223
Day24.AC2.M,113,mucosal shime 2,mucosal contents colon,NA,300,monkey,24,ascending colon,none,13:30,2,D,04,D04,16Sv1v2_R_gc137_gc232,D04,16Sv1v2_F_plate1,D04,Accuprime,1.85,NA,NA,1.85,20.63,NA,20.63,14.5,14.5,TRUE,000000000-C4P77,20181016,USDA,17222,17223
Day24.TC2.M,114,mucosal shime 2,mucosal contents colon,NA,300,monkey,24,transverse colon,none,13:30,2,E,04,E04,16Sv1v2_R_gc137_gc232,E04,16Sv1v2_F_plate1,E04,Accuprime,1.21,NA,NA,1.21,12.47,NA,12.47,24.1,24.1,TRUE,000000000-C4P77,20181016,USDA,17222,17223
Day24.DC2.M,115,mucosal shime 2,mucosal contents colon,NA,300,monkey,24,descending colon,none,13:30,2,F,04,F04,16Sv1v2_R_gc137_gc232,F04,16Sv1v2_F_plate1,F04,Accuprime,4.78,NA,NA,4.78,24.63,NA,24.63,12.2,12.2,TRUE,000000000-C4P77,20181016,USDA,17222,17223
Day24.AC3.M,116,mucosal shime 3,mucosal contents colon,NA,300,monkey,24,ascending colon,none,13:30,2,G,04,G04,16Sv1v2_R_gc137_gc232,G04,16Sv1v2_F_plate1,G04,Accuprime,1.25,NA,NA,1.25,17.96,NA,17.96,16.7,16.7,TRUE,000000000-C4P77,20181016,USDA,17222,17223
Day24.TC3.M,117,mucosal shime 3,mucosal contents colon,NA,300,monkey,24,transverse colon,none,13:30,2,H,04,H04,16Sv1v2_R_gc137_gc232,H04,16Sv1v2_F_plate1,H04,Accuprime,4.80,NA,NA,4.80,25.87,NA,25.87,11.6,11.6,TRUE,000000000-C4P77,20181016,USDA,17222,17223
Day24.DC3.M,118,mucosal shime 3,mucosal contents colon,NA,300,monkey,24,descending colon,none,13:30,2,A,05,A05,16Sv1v2_R_gc137_gc232,A05,16Sv1v2_F_plate1,A05,Accuprime,5.13,NA,NA,5.13,27.98,NA,27.98,10.7,10.7,TRUE,000000000-C4P77,20181016,USDA,17222,17223
Day26.AC1.L,119,luminal shime 1,lumenal contents colon,500,NA,monkey,26,ascending colon,none,13:30,2,B,05,B05,16Sv1v2_R_gc137_gc232,B05,16Sv1v2_F_plate1,B05,Accuprime,15.78,NA,NA,15.78,30.82,NA,30.82,9.7,9.7,TRUE,000000000-C4P77,20181016,USDA,17222,17223
Day26.TC1.L,120,luminal shime 1,lumenal contents colon,500,NA,monkey,26,transverse colon,none,13:30,2,C,05,C05,16Sv1v2_R_gc137_gc232,C05,16Sv1v2_F_plate1,C05,Accuprime,22.22,NA,NA,22.22,30.02,NA,30.02,10.0,10.0,TRUE,000000000-C4P77,20181016,USDA,17222,17223
Extractblanktip4,NA,NA,Blank tip,NA,NA,NA,NA,NA,NA,NA,2,D,05,D05,16Sv1v2_R_gc137_gc232,D05,16Sv1v2_F_plate1,D05,Accuprime,2.33,NA,NA,2.33,2.52,NA,2.52,119.0,12.2,TRUE,000000000-C4P77,20181016,USDA,17222,17223
Day26.DC1.L,121,luminal shime 1,lumenal contents colon,500,NA,monkey,26,descending colon,none,13:30,2,E,05,E05,16Sv1v2_R_gc137_gc232,E05,16Sv1v2_F_plate1,E05,Accuprime,27.47,NA,NA,27.47,29.73,NA,29.73,10.1,10.1,TRUE,000000000-C4P77,20181016,USDA,17222,17223
Day26.AC2.L,122,luminal shime 2,lumenal contents colon,500,NA,monkey,26,ascending colon,none,13:30,2,F,05,F05,16Sv1v2_R_gc137_gc232,F05,16Sv1v2_F_plate1,F05,Accuprime,16.21,NA,NA,16.21,29.37,NA,29.37,10.2,10.2,TRUE,000000000-C4P77,20181016,USDA,17222,17223
Day26.TC2.L,123,luminal shime 2,lumenal contents colon,500,NA,monkey,26,transverse colon,none,13:30,2,G,05,G05,16Sv1v2_R_gc137_gc232,G05,16Sv1v2_F_plate1,G05,Accuprime,25.65,NA,NA,25.65,30.64,NA,30.64,9.8,9.8,TRUE,000000000-C4P77,20181016,USDA,17222,17223
Day26.DC2.L,124,luminal shime 2,lumenal contents colon,500,NA,monkey,26,descending colon,none,13:30,2,H,05,H05,16Sv1v2_R_gc137_gc232,H05,16Sv1v2_F_plate1,H05,Accuprime,31.36,NA,NA,31.36,29.57,NA,29.57,10.1,10.1,TRUE,000000000-C4P77,20181016,USDA,17222,17223
Day26.AC3.L,125,luminal shime 3,lumenal contents colon,500,NA,monkey,26,ascending colon,none,13:30,2,A,06,A06,16Sv1v2_R_gc137_gc232,A06,16Sv1v2_F_plate1,A06,Accuprime,18.48,NA,NA,18.48,30.35,NA,30.35,9.9,9.9,TRUE,000000000-C4P77,20181016,USDA,17222,17223
Day26.TC3.L,126,luminal shime 3,lumenal contents colon,500,NA,monkey,26,transverse colon,none,13:30,2,B,06,B06,16Sv1v2_R_gc137_gc232,B06,16Sv1v2_F_plate1,B06,Accuprime,33.82,NA,NA,33.82,30.79,NA,30.79,9.7,9.7,TRUE,000000000-C4P77,20181016,USDA,17222,17223
Day26.DC3.L,127,luminal shime 3,lumenal contents colon,500,NA,monkey,26,descending colon,none,13:30,2,C,06,C06,16Sv1v2_R_gc137_gc232,C06,16Sv1v2_F_plate1,C06,Accuprime,27.37,NA,NA,27.37,30.51,NA,30.51,9.8,9.8,TRUE,000000000-C4P77,20181016,USDA,17222,17223
Day26.AC1.M,128,mucosal shime 1,mucosal contents colon,NA,300,monkey,26,ascending colon,none,13:30,2,D,06,D06,16Sv1v2_R_gc137_gc232,D06,16Sv1v2_F_plate1,D06,Accuprime,24.09,NA,NA,24.09,27.9,NA,27.9,10.8,10.8,TRUE,000000000-C4P77,20181016,USDA,17222,17223
Day26.TC1.M,129,mucosal shime 1,mucosal contents colon,NA,300,monkey,26,transverse colon,none,13:30,2,E,06,E06,16Sv1v2_R_gc137_gc232,E06,16Sv1v2_F_plate1,E06,Accuprime,4.33,NA,NA,4.33,23.94,NA,23.94,12.5,12.5,TRUE,000000000-C4P77,20181016,USDA,17222,17223
Day26.DC1.M,130,mucosal shime 1,mucosal contents colon,NA,300,monkey,26,descending colon,none,13:30,2,F,06,F06,16Sv1v2_R_gc137_gc232,F06,16Sv1v2_F_plate1,F06,Accuprime,7.26,NA,NA,7.26,28.07,NA,28.07,10.7,10.7,TRUE,000000000-C4P77,20181016,USDA,17222,17223
Day26.AC2.M,131,mucosal shime 2,mucosal contents colon,NA,300,monkey,26,ascending colon,none,13:30,2,G,06,G06,16Sv1v2_R_gc137_gc232,G06,16Sv1v2_F_plate1,G06,Accuprime,3.57,NA,NA,3.57,24.97,NA,24.97,12.0,12.0,TRUE,000000000-C4P77,20181016,USDA,17222,17223
Day26.TC2.M,132,mucosal shime 2,mucosal contents colon,NA,300,monkey,26,transverse colon,none,13:30,2,H,06,H06,16Sv1v2_R_gc137_gc232,H06,16Sv1v2_F_plate1,H06,Accuprime,2.59,NA,NA,2.59,20.53,NA,20.53,14.6,14.6,TRUE,000000000-C4P77,20181016,USDA,17222,17223
Day26.DC2.M,133,mucosal shime 2,mucosal contents colon,NA,300,monkey,26,descending colon,none,13:30,2,A,07,A07,16Sv1v2_R_gc137_gc232,A07,16Sv1v2_F_plate1,A07,Accuprime,4.19,NA,NA,4.19,25.73,NA,25.73,11.7,11.7,TRUE,000000000-C4P77,20181016,USDA,17222,17223
Day26.AC3.M,134,mucosal shime 3,mucosal contents colon,NA,300,monkey,26,ascending colon,none,13:30,2,B,07,B07,16Sv1v2_R_gc137_gc232,B07,16Sv1v2_F_plate1,B07,Accuprime,4.03,NA,NA,4.03,26.57,NA,26.57,11.3,11.3,TRUE,000000000-C4P77,20181016,USDA,17222,17223
Day26.TC3.M,135,mucosal shime 3,mucosal contents colon,NA,300,monkey,26,transverse colon,none,13:30,2,C,07,C07,16Sv1v2_R_gc137_gc232,C07,16Sv1v2_F_plate1,C07,Accuprime,3.30,NA,NA,3.30,23.97,NA,23.97,12.5,12.5,TRUE,000000000-C4P77,20181016,USDA,17222,17223
Day26.DC3.M,136,mucosal shime 3,mucosal contents colon,NA,300,monkey,26,descending colon,none,13:30,2,D,07,D07,16Sv1v2_R_gc137_gc232,D07,16Sv1v2_F_plate1,D07,Accuprime,4.71,NA,NA,4.71,26.4,NA,26.4,11.4,11.4,TRUE,000000000-C4P77,20181016,USDA,17222,17223
Extractemptywell3,NA,NA,Empty well,NA,NA,NA,NA,NA,NA,NA,2,E,07,E07,16Sv1v2_R_gc137_gc232,E07,16Sv1v2_F_plate1,E07,Accuprime,1.58,NA,NA,1.58,3.81,NA,3.81,78.7,12.2,TRUE,000000000-C4P77,20181016,USDA,17222,17223
Day28.AC1.L,137,luminal shime 1,lumenal contents colon,500,NA,monkey,28,ascending colon,none,13:30,2,F,07,F07,16Sv1v2_R_gc137_gc232,F07,16Sv1v2_F_plate1,F07,Accuprime,24.45,NA,NA,24.45,28.59,NA,28.59,10.5,10.5,TRUE,000000000-C4P77,20181016,USDA,17222,17223
Day28.TC1.L,138,luminal shime 1,lumenal contents colon,500,NA,monkey,28,transverse colon,none,13:30,2,G,07,G07,16Sv1v2_R_gc137_gc232,G07,16Sv1v2_F_plate1,G07,Accuprime,30.15,NA,NA,30.15,28.53,NA,28.53,10.5,10.5,TRUE,000000000-C4P77,20181016,USDA,17222,17223
Day28.DC1.L,139,luminal shime 1,lumenal contents colon,500,NA,monkey,28,descending colon,none,13:30,2,H,07,H07,16Sv1v2_R_gc137_gc232,H07,16Sv1v2_F_plate1,H07,Accuprime,26.07,NA,NA,26.07,28.42,NA,28.42,10.6,10.6,TRUE,000000000-C4P77,20181016,USDA,17222,17223
Day28.AC2.L,140,luminal shime 2,lumenal contents colon,500,NA,monkey,28,ascending colon,none,13:30,2,A,08,A08,16Sv1v2_R_gc137_gc232,A08,16Sv1v2_F_plate1,A08,Accuprime,11.72,NA,NA,11.72,30.11,NA,30.11,10.0,10.0,TRUE,000000000-C4P77,20181016,USDA,17222,17223
Day28.TC2.L,141,luminal shime 2,lumenal contents colon,500,NA,monkey,28,transverse colon,none,13:30,2,B,08,B08,16Sv1v2_R_gc137_gc232,B08,16Sv1v2_F_plate1,B08,Accuprime,35.76,NA,NA,35.76,30.94,NA,30.94,9.7,9.7,TRUE,000000000-C4P77,20181016,USDA,17222,17223
Day28.DC2.L,142,luminal shime 2,lumenal contents colon,500,NA,monkey,28,descending colon,none,13:30,2,C,08,C08,16Sv1v2_R_gc137_gc232,C08,16Sv1v2_F_plate1,C08,Accuprime,24.43,NA,NA,24.43,30.03,NA,30.03,10.0,10.0,TRUE,000000000-C4P77,20181016,USDA,17222,17223
Day28.AC3.L,143,luminal shime 3,lumenal contents colon,500,NA,monkey,28,ascending colon,none,13:30,2,D,08,D08,16Sv1v2_R_gc137_gc232,D08,16Sv1v2_F_plate1,D08,Accuprime,20.66,NA,NA,20.66,29.51,NA,29.51,10.2,10.2,TRUE,000000000-C4P77,20181016,USDA,17222,17223
Day28.TC3.L,144,luminal shime 3,lumenal contents colon,500,NA,monkey,28,transverse colon,none,13:30,2,E,08,E08,16Sv1v2_R_gc137_gc232,E08,16Sv1v2_F_plate1,E08,Accuprime,34.23,NA,NA,34.23,29.64,NA,29.64,10.1,10.1,TRUE,000000000-C4P77,20181016,USDA,17222,17223
Day28.DC3.L,145,luminal shime 3,lumenal contents colon,500,NA,monkey,28,descending colon,none,13:30,2,F,08,F08,16Sv1v2_R_gc137_gc232,F08,16Sv1v2_F_plate1,F08,Accuprime,24.98,NA,NA,24.98,29.01,NA,29.01,10.3,10.3,TRUE,000000000-C4P77,20181016,USDA,17222,17223
Day28.AC1.M,146,mucosal shime 1,mucosal contents colon,NA,300,monkey,28,ascending colon,none,13:30,2,G,08,G08,16Sv1v2_R_gc137_gc232,G08,16Sv1v2_F_plate1,G08,Accuprime,5.50,NA,NA,5.50,23.74,NA,23.74,12.6,12.6,TRUE,000000000-C4P77,20181016,USDA,17222,17223
Day28.TC1.M,147,mucosal shime 1,mucosal contents colon,NA,300,monkey,28,transverse colon,none,13:30,2,H,08,H08,16Sv1v2_R_gc137_gc232,H08,16Sv1v2_F_plate1,H08,Accuprime,7.45,NA,NA,7.45,25.74,NA,25.74,11.7,11.7,TRUE,000000000-C4P77,20181016,USDA,17222,17223
Day28.DC1.M,148,mucosal shime 1,mucosal contents colon,NA,300,monkey,28,descending colon,none,13:30,2,A,09,A09,16Sv1v2_R_gc137_gc232,A09,16Sv1v2_F_plate1,A09,Accuprime,7.66,NA,NA,7.66,28.94,NA,28.94,10.4,10.4,TRUE,000000000-C4P77,20181016,USDA,17222,17223
Day28.AC2.M,149,mucosal shime 2,mucosal contents colon,NA,300,monkey,28,ascending colon,none,13:30,2,B,09,B09,16Sv1v2_R_gc137_gc232,B09,16Sv1v2_F_plate1,B09,Accuprime,4.18,NA,NA,4.18,23.68,NA,23.68,12.7,12.7,TRUE,000000000-C4P77,20181016,USDA,17222,17223
DNAfreewater3,NA,NA,DNA-free water,NA,NA,NA,NA,NA,NA,NA,2,C,09,C09,16Sv1v2_R_gc137_gc232,C09,16Sv1v2_F_plate1,C09,Accuprime,0.00,NA,NA,0.00,2.74,NA,2.74,109.5,12.2,TRUE,000000000-C4P77,20181016,USDA,17222,17223
Day28.TC2.M,150,mucosal shime 2,mucosal contents colon,NA,300,monkey,28,transverse colon,none,13:30,2,D,09,D09,16Sv1v2_R_gc137_gc232,D09,16Sv1v2_F_plate1,D09,Accuprime,2.02,NA,NA,2.02,17.71,NA,17.71,16.9,16.9,TRUE,000000000-C4P77,20181016,USDA,17222,17223
Day28.DC2.M,151,mucosal shime 2,mucosal contents colon,NA,300,monkey,28,descending colon,none,13:30,2,E,09,E09,16Sv1v2_R_gc137_gc232,E09,16Sv1v2_F_plate1,E09,Accuprime,4.37,NA,NA,4.37,24.64,NA,24.64,12.2,12.2,TRUE,000000000-C4P77,20181016,USDA,17222,17223
Day28.AC3.M,152,mucosal shime 3,mucosal contents colon,NA,300,monkey,28,ascending colon,none,13:30,2,F,09,F09,16Sv1v2_R_gc137_gc232,F09,16Sv1v2_F_plate1,F09,Accuprime,3.83,NA,NA,3.83,26.1,NA,26.1,11.5,11.5,TRUE,000000000-C4P77,20181016,USDA,17222,17223
Day28.TC3.M,153,mucosal shime 3,mucosal contents colon,NA,300,monkey,28,transverse colon,none,13:30,2,G,09,G09,16Sv1v2_R_gc137_gc232,G09,16Sv1v2_F_plate1,G09,Accuprime,5.76,NA,NA,5.76,26.14,NA,26.14,11.5,11.5,TRUE,000000000-C4P77,20181016,USDA,17222,17223
Day28.DC3.M,154,mucosal shime 3,mucosal contents colon,NA,300,monkey,28,descending colon,none,13:30,2,H,09,H09,16Sv1v2_R_gc137_gc232,H09,16Sv1v2_F_plate1,H09,Accuprime,14.32,NA,NA,14.32,27.98,NA,27.98,10.7,10.7,TRUE,000000000-C4P77,20181016,USDA,17222,17223
Pre.Ile.M,155,ileum,mucosal contents colon,NA,32,monkey,0,ileum,none,13:30,2,A,10,A10,16Sv1v2_R_gc137_gc232,A10,16Sv1v2_F_plate1,A10,Accuprime,43.60,NA,NA,43.60,8.67,NA,8.67,34.6,34.6,TRUE,000000000-C4P77,20181016,USDA,17222,17223
Pre.Duo.M,156,duodenum,mucosal contents colon,NA,8,monkey,0,duodenum,none,13:30,2,B,10,B10,16Sv1v2_R_gc137_gc232,B10,16Sv1v2_F_plate1,B10,Accuprime,45.31,NA,NA,45.31,12.61,NA,12.61,23.8,23.8,TRUE,000000000-C4P77,20181016,USDA,17222,17223
Pre.Jej.M,157,jejunum,mucosal contents colon,NA,6,monkey,0,jejunum,none,13:30,2,C,10,C10,16Sv1v2_R_gc137_gc232,C10,16Sv1v2_F_plate1,C10,Accuprime,44.78,NA,NA,44.78,13.9,NA,13.9,21.6,21.6,TRUE,000000000-C4P77,20181016,USDA,17222,17223
Pre.AC.M,158,ascending colon,mucosal contents colon,NA,8,monkey,0,ascending colon,none,13:30,2,D,10,D10,16Sv1v2_R_gc137_gc232,D10,16Sv1v2_F_plate1,D10,Accuprime,46.61,NA,NA,46.61,12.25,NA,12.25,24.5,24.5,TRUE,000000000-C4P77,20181016,USDA,17222,17223
Pre.TC.M,159,transverse colon,mucosal contents colon,NA,55,monkey,0,transverse colon,none,13:30,2,E,10,E10,16Sv1v2_R_gc137_gc232,E10,16Sv1v2_F_plate1,E10,Accuprime,43.88,NA,NA,43.88,13.77,NA,13.77,21.8,21.8,TRUE,000000000-C4P77,20181016,USDA,17222,17223
Pre.DC.M,160,descending colon,mucosal contents colon,NA,34,monkey,0,descending colon,none,13:30,2,F,10,F10,16Sv1v2_R_gc137_gc232,F10,16Sv1v2_F_plate1,F10,Accuprime,46.68,NA,NA,46.68,13.49,NA,13.49,22.2,22.2,TRUE,000000000-C4P77,20181016,USDA,17222,17223
Pre.Ile.L,161,ileum,lumenal contents colon,NA,150,monkey,0,ileum,none,13:30,2,G,10,G10,16Sv1v2_R_gc137_gc232,G10,16Sv1v2_F_plate1,G10,Accuprime,1.11,NA,NA,1.11,23.77,NA,23.77,12.6,12.6,TRUE,000000000-C4P77,20181016,USDA,17222,17223
Extractemptywell4,NA,NA,Empty well,NA,NA,NA,NA,NA,NA,NA,2,H,10,H10,16Sv1v2_R_gc137_gc232,H10,16Sv1v2_F_plate1,H10,Accuprime,-0.01,NA,NA,-0.01,2.92,NA,2.92,102.7,12.2,TRUE,000000000-C4P77,20181016,USDA,17222,17223
Pre.Duo.L,162,duodenum,lumenal contents colon,NA,92,monkey,0,duodenum,none,13:30,2,A,11,A11,16Sv1v2_R_gc137_gc232,A11,16Sv1v2_F_plate1,A11,Accuprime,42.36,NA,NA,42.36,25.77,NA,25.77,11.6,11.6,TRUE,000000000-C4P77,20181016,USDA,17222,17223
Pre.Jej.L,163,jejunum,lumenal contents colon,NA,152,monkey,0,jejunum,none,13:30,2,B,11,B11,16Sv1v2_R_gc137_gc232,B11,16Sv1v2_F_plate1,B11,Accuprime,12.41,NA,NA,12.41,31.01,NA,31.01,9.7,9.7,TRUE,000000000-C4P77,20181016,USDA,17222,17223
Pre.AC.L,164,ascending colon,lumenal contents colon,NA,26,monkey,0,ascending colon,none,13:30,2,C,11,C11,16Sv1v2_R_gc137_gc232,C11,16Sv1v2_F_plate1,C11,Accuprime,23.35,NA,NA,23.35,28.48,NA,28.48,10.5,10.5,TRUE,000000000-C4P77,20181016,USDA,17222,17223
Pre.TC.L,165,transverse colon,lumenal contents colon,NA,2,monkey,0,transverse colon,none,13:30,2,D,11,D11,16Sv1v2_R_gc137_gc232,D11,16Sv1v2_F_plate1,D11,Accuprime,9.51,NA,NA,9.51,29.74,NA,29.74,10.1,10.1,TRUE,000000000-C4P77,20181016,USDA,17222,17223
Pre.DC.L,166,descending colon,lumenal contents colon,NA,2,monkey,0,descending colon,none,13:30,2,E,11,E11,16Sv1v2_R_gc137_gc232,E11,16Sv1v2_F_plate1,E11,Accuprime,3.84,NA,NA,3.84,27.96,NA,27.96,10.7,10.7,TRUE,000000000-C4P77,20181016,USDA,17222,17223
Pre.feces,167,NA,Feces,NA,24,monkey,0,control,none,13:30,2,F,11,F11,16Sv1v2_R_gc137_gc232,F11,16Sv1v2_F_plate1,F11,Accuprime,10.42,NA,NA,10.42,23.82,NA,23.82,12.6,12.6,TRUE,000000000-C4P77,20181016,USDA,17222,17223
DNAfreewater4,NA,NA,DNA-free water,NA,NA,NA,NA,NA,NA,NA,2,G,11,G11,16Sv1v2_R_gc137_gc232,G11,16Sv1v2_F_plate1,G11,Accuprime,0.00,NA,NA,0.00,3.03,NA,3.03,99.0,12.2,TRUE,000000000-C4P77,20181016,USDA,17222,17223
DNAfreewater5,NA,NA,DNA-free water,NA,NA,NA,NA,NA,NA,NA,2,H,11,H11,16Sv1v2_R_gc137_gc232,H11,16Sv1v2_F_plate1,H11,Accuprime,0.00,NA,NA,0.00,2.95,NA,2.95,101.7,12.2,TRUE,000000000-C4P77,20181016,USDA,17222,17223